cnes_codigo,municipio_codigo_6,municipio_nome,uf_sigla,latitude,longitude,centroide_lat,centroide_lon,spatial_resolution_final,spatial_source,geocode_quality,dist_km_to_expected_municipio,candidate_downgrade_to_municipio
9472339,140010,Boa Vista,RR,-23.4647655,-46.8584264,3.1177857490675653,-60.71798654518374,cep,nominatim_cep,aproximado_por_cep,3315.428452070188,True
2566206,140010,Boa Vista,RR,-23.4647655,-46.8584264,3.1177857490675653,-60.71798654518374,cep,nominatim_cep,aproximado_por_cep,3315.428452070188,True
2566168,140010,Boa Vista,RR,-23.4647655,-46.8584264,3.1177857490675653,-60.71798654518374,cep,nominatim_cep,aproximado_por_cep,3315.428452070188,True
2458675,211120,São José de Ribamar,MA,-29.1536887,-51.1933753,-2.5742518479227634,-44.13051880876735,cep,nominatim_cep,aproximado_por_cep,3048.411086506877,True
2517248,211120,São José de Ribamar,MA,-29.1536887,-51.1933753,-2.5742518479227634,-44.13051880876735,cep,nominatim_cep,aproximado_por_cep,3048.411086506877,True
6826393,211130,São Luís,MA,-29.1536887,-51.1933753,-2.63367990071314,-44.28090203111629,cep,nominatim_cep,aproximado_por_cep,3038.121338643743,True
2529556,230760,Limoeiro do Norte,CE,-29.1536887,-51.1933753,-5.150309991976327,-38.05613160055038,cep,nominatim_cep,aproximado_por_cep,3005.7530106915247,True
2527707,230760,Limoeiro do Norte,CE,-29.1536887,-51.1933753,-5.150309991976327,-38.05613160055038,cep,nominatim_cep,aproximado_por_cep,3005.7530106915247,True
9247971,230760,Limoeiro do Norte,CE,-29.1536887,-51.1933753,-5.150309991976327,-38.05613160055038,cep,nominatim_cep,aproximado_por_cep,3005.7530106915247,True
3581748,130420,Tefé,AM,-23.4647655,-46.8584264,-4.472510283832752,-65.53157713248581,cep,nominatim_cep,aproximado_por_cep,2910.929757829015,True
2016141,130420,Tefé,AM,-23.4647655,-46.8584264,-4.472510283832752,-65.53157713248581,cep,nominatim_cep,aproximado_por_cep,2910.929757829015,True
2343843,260940,Moreno,PE,-29.1536887,-51.1933753,-8.144038981395974,-35.14628902881571,cep,nominatim_cep,aproximado_por_cep,2875.9121329491604,True
2343681,260940,Moreno,PE,-29.1536887,-51.1933753,-8.144038981395974,-35.14628902881571,cep,nominatim_cep,aproximado_por_cep,2875.9121329491604,True
2343703,260940,Moreno,PE,-29.1536887,-51.1933753,-8.144038981395974,-35.14628902881571,cep,nominatim_cep,aproximado_por_cep,2875.9121329491604,True
7985509,260940,Moreno,PE,-29.1536887,-51.1933753,-8.144038981395974,-35.14628902881571,cep,nominatim_cep,aproximado_por_cep,2875.9121329491604,True
2636050,260940,Moreno,PE,-29.1536887,-51.1933753,-8.144038981395974,-35.14628902881571,cep,nominatim_cep,aproximado_por_cep,2875.9121329491604,True
2343754,260940,Moreno,PE,-29.1536887,-51.1933753,-8.144038981395974,-35.14628902881571,cep,nominatim_cep,aproximado_por_cep,2875.9121329491604,True
2013320,130353,Presidente Figueiredo,AM,-23.4647655,-46.8584264,-1.3705121801375006,-59.98969581253171,cep,nominatim_cep,aproximado_por_cep,2835.4357066469383,True
2428385,260010,Afogados da Ingazeira,PE,-29.1536887,-51.1933753,-7.737280891376835,-37.618268657301904,cep,nominatim_cep,aproximado_por_cep,2772.811863250428,True
2429438,260010,Afogados da Ingazeira,PE,-29.1536887,-51.1933753,-7.737280891376835,-37.618268657301904,cep,nominatim_cep,aproximado_por_cep,2772.811863250428,True
2499657,260100,Angelim,PE,-29.1536887,-51.1933753,-8.89126639920205,-36.2767323417719,cep,nominatim_cep,aproximado_por_cep,2738.389842174915,True
2013495,130210,Japurá,AM,-15.8032581,-47.8854767,-1.6967756384899415,-68.32266086141198,cep,nominatim_cep,aproximado_por_cep,2734.329670005081,True
6421385,130260,Manaus,AM,-23.4647655,-46.8584264,-2.6257166976075133,-60.259777591991124,cep,nominatim_cep,aproximado_por_cep,2729.3325918572696,True
2018004,130260,Manaus,AM,-23.4647655,-46.8584264,-2.6257166976075133,-60.259777591991124,cep,nominatim_cep,aproximado_por_cep,2729.3325918572696,True
2012766,130260,Manaus,AM,-23.4647655,-46.8584264,-2.6257166976075133,-60.259777591991124,cep,nominatim_cep,aproximado_por_cep,2729.3325918572696,True
2002019,120040,Rio Branco,AC,-23.4647655,-46.8584264,-10.066457072811021,-68.37157466172916,cep,nominatim_cep,aproximado_por_cep,2725.8156416251863,True
2316080,150250,Chaves,PA,-23.4647655,-46.8584264,-0.03258247333296129,-49.83776705021499,cep,nominatim_cep,aproximado_por_cep,2625.333250199084,True
2721643,270710,Piranhas,AL,-29.1536887,-51.1933753,-9.526087899266285,-37.725064606127155,cep,nominatim_cep,aproximado_por_cep,2594.650208688005,True
3210243,130340,Parintins,AM,-23.4647655,-46.8584264,-2.6880608637125936,-56.85466576964671,cep,nominatim_cep,aproximado_por_cep,2548.419066902346,True
2313049,150070,Anajás,PA,-23.4647655,-46.8584264,-0.827174632155799,-49.96133640521018,cep,nominatim_cep,aproximado_por_cep,2539.3507390584805,True
5788013,140010,Boa Vista,RR,-15.8032581,-47.8854767,3.1177857490675653,-60.71798654518374,cep,nominatim_cep,aproximado_por_cep,2533.496366531318,True
2329905,150680,Santarém,PA,-23.4647655,-46.8584264,-2.679419004787972,-55.238402842671306,cep,nominatim_cep,aproximado_por_cep,2480.927856076044,True
2329891,150680,Santarém,PA,-23.4647655,-46.8584264,-2.679419004787972,-55.238402842671306,cep,nominatim_cep,aproximado_por_cep,2480.927856076044,True
5585422,150680,Santarém,PA,-23.4647655,-46.8584264,-2.679419004787972,-55.238402842671306,cep,nominatim_cep,aproximado_por_cep,2480.927856076044,True
7530005,150680,Santarém,PA,-23.4647655,-46.8584264,-2.679419004787972,-55.238402842671306,cep,nominatim_cep,aproximado_por_cep,2480.927856076044,True
2333163,150140,Belém,PA,-23.4647655,-46.8584264,-1.240707997277136,-48.459917070189356,cep,nominatim_cep,aproximado_por_cep,2477.229525035207,True
2333201,150140,Belém,PA,-23.4647655,-46.8584264,-1.240707997277136,-48.459917070189356,cep,nominatim_cep,aproximado_por_cep,2477.229525035207,True
2332981,150140,Belém,PA,-23.4647655,-46.8584264,-1.240707997277136,-48.459917070189356,cep,nominatim_cep,aproximado_por_cep,2477.229525035207,True
6568343,280350,Lagarto,SE,-29.1536887,-51.1933753,-10.902700614157194,-37.66441065467802,cep,nominatim_cep,aproximado_por_cep,2468.0621995688107,True
2421518,280350,Lagarto,SE,-29.1536887,-51.1933753,-10.902700614157194,-37.66441065467802,cep,nominatim_cep,aproximado_por_cep,2468.0621995688107,True
2615843,150280,Curralinho,PA,-23.4647655,-46.8584264,-1.5834743464105936,-49.9880133543784,cep,nominatim_cep,aproximado_por_cep,2456.3606397173853,True
2708914,130220,Juruá,AM,-15.8032581,-47.8854767,-3.525335484315289,-66.3078942098313,cep,nominatim_cep,aproximado_por_cep,2433.90268826136,True
2013568,130195,Itamarati,AM,-15.8032581,-47.8854767,-6.683240168236736,-68.11461104518789,cep,nominatim_cep,aproximado_por_cep,2425.3401785647666,True
2332469,150100,Aveiro,PA,-23.4647655,-46.8584264,-3.667329534484344,-56.016384302672215,cep,nominatim_cep,aproximado_por_cep,2411.2976313118443,True
2622319,150275,Concórdia do Pará,PA,-23.4647655,-46.8584264,-1.8816992434050879,-47.97465994655484,cep,nominatim_cep,aproximado_por_cep,2402.938938743864,True
2018381,130350,Pauini,AM,-15.8032581,-47.8854767,-7.758276936580879,-68.20000578190282,cep,nominatim_cep,aproximado_por_cep,2383.0191136833814,True
6568890,130350,Pauini,AM,-15.8032581,-47.8854767,-7.758276936580879,-68.20000578190282,cep,nominatim_cep,aproximado_por_cep,2383.0191136833814,True
7756240,130350,Pauini,AM,-15.8032581,-47.8854767,-7.758276936580879,-68.20000578190282,cep,nominatim_cep,aproximado_por_cep,2383.0191136833814,True
2426242,230640,Itapipoca,CE,-23.4647655,-46.8584264,-3.394570509576733,-39.5982325283236,cep,nominatim_cep,aproximado_por_cep,2364.2379838912557,True
9526293,230440,Fortaleza,CE,-23.4647655,-46.8584264,-3.7858355306379634,-38.52799397700403,cep,nominatim_cep,aproximado_por_cep,2364.136641475124,True
3916855,230440,Fortaleza,CE,-23.4647655,-46.8584264,-3.7858355306379634,-38.52799397700403,cep,nominatim_cep,aproximado_por_cep,2364.136641475124,True
5572924,150095,Aurora do Pará,PA,-23.4647655,-46.8584264,-2.2311584452336137,-47.72630657394536,cep,nominatim_cep,aproximado_por_cep,2362.918442026318,True
2723816,230370,Caucaia,CE,-23.4647655,-46.8584264,-3.7835720572856375,-38.8096705773582,cep,nominatim_cep,aproximado_por_cep,2353.084338500089,True
7077971,230370,Caucaia,CE,-23.4647655,-46.8584264,-3.7835720572856375,-38.8096705773582,cep,nominatim_cep,aproximado_por_cep,2353.084338500089,True
2562545,230370,Caucaia,CE,-23.4647655,-46.8584264,-3.7835720572856375,-38.8096705773582,cep,nominatim_cep,aproximado_por_cep,2353.084338500089,True
2562626,230370,Caucaia,CE,-23.4647655,-46.8584264,-3.7835720572856375,-38.8096705773582,cep,nominatim_cep,aproximado_por_cep,2353.084338500089,True
2562421,230370,Caucaia,CE,-23.4647655,-46.8584264,-3.7835720572856375,-38.8096705773582,cep,nominatim_cep,aproximado_por_cep,2353.084338500089,True
2561808,230370,Caucaia,CE,-23.4647655,-46.8584264,-3.7835720572856375,-38.8096705773582,cep,nominatim_cep,aproximado_por_cep,2353.084338500089,True
2561735,230370,Caucaia,CE,-23.4647655,-46.8584264,-3.7835720572856375,-38.8096705773582,cep,nominatim_cep,aproximado_por_cep,2353.084338500089,True
2723867,230370,Caucaia,CE,-23.4647655,-46.8584264,-3.7835720572856375,-38.8096705773582,cep,nominatim_cep,aproximado_por_cep,2353.084338500089,True
2372061,230765,Maracanaú,CE,-23.4647655,-46.8584264,-3.8745336703210187,-38.627132389306695,cep,nominatim_cep,aproximado_por_cep,2350.937465611651,True
9411798,230765,Maracanaú,CE,-23.4647655,-46.8584264,-3.8745336703210187,-38.627132389306695,cep,nominatim_cep,aproximado_por_cep,2350.937465611651,True
2372274,230765,Maracanaú,CE,-23.4647655,-46.8584264,-3.8745336703210187,-38.627132389306695,cep,nominatim_cep,aproximado_por_cep,2350.937465611651,True
2372053,230765,Maracanaú,CE,-23.4647655,-46.8584264,-3.8745336703210187,-38.627132389306695,cep,nominatim_cep,aproximado_por_cep,2350.937465611651,True
2372037,230765,Maracanaú,CE,-23.4647655,-46.8584264,-3.8745336703210187,-38.627132389306695,cep,nominatim_cep,aproximado_por_cep,2350.937465611651,True
2372169,230765,Maracanaú,CE,-23.4647655,-46.8584264,-3.8745336703210187,-38.627132389306695,cep,nominatim_cep,aproximado_por_cep,2350.937465611651,True
2365154,220770,Parnaíba,PI,-23.4647655,-46.8584264,-2.9591423606844773,-41.75344841543573,cep,nominatim_cep,aproximado_por_cep,2345.319205514947,True
2373270,230970,Pacatuba,CE,-23.4647655,-46.8584264,-3.952306357201258,-38.5971655954629,cep,nominatim_cep,aproximado_por_cep,2344.1014311602103,True
2458705,211120,São José de Ribamar,MA,-23.4647655,-46.8584264,-2.5742518479227634,-44.13051880876735,cep,nominatim_cep,aproximado_por_cep,2341.4023300136864,True
2531089,211120,São José de Ribamar,MA,-23.4647655,-46.8584264,-2.5742518479227634,-44.13051880876735,cep,nominatim_cep,aproximado_por_cep,2341.4023300136864,True
2517264,211120,São José de Ribamar,MA,-23.4647655,-46.8584264,-2.5742518479227634,-44.13051880876735,cep,nominatim_cep,aproximado_por_cep,2341.4023300136864,True
6847587,211120,São José de Ribamar,MA,-23.4647655,-46.8584264,-2.5742518479227634,-44.13051880876735,cep,nominatim_cep,aproximado_por_cep,2341.4023300136864,True
3052605,211120,São José de Ribamar,MA,-23.4647655,-46.8584264,-2.5742518479227634,-44.13051880876735,cep,nominatim_cep,aproximado_por_cep,2341.4023300136864,True
2017768,130002,Alvarães,AM,-15.8032581,-47.8854767,-3.6951762261816867,-65.32450970376823,cep,nominatim_cep,aproximado_por_cep,2334.402325791049,True
2016451,130002,Alvarães,AM,-15.8032581,-47.8854767,-3.6951762261816867,-65.32450970376823,cep,nominatim_cep,aproximado_por_cep,2334.402325791049,True
2481553,230523,Horizonte,CE,-23.4647655,-46.8584264,-4.102183804432703,-38.46500400637853,cep,nominatim_cep,aproximado_por_cep,2334.0450377958496,True
7381158,230523,Horizonte,CE,-23.4647655,-46.8584264,-4.102183804432703,-38.46500400637853,cep,nominatim_cep,aproximado_por_cep,2334.0450377958496,True
6851312,211130,São Luís,MA,-23.4647655,-46.8584264,-2.63367990071314,-44.28090203111629,cep,nominatim_cep,aproximado_por_cep,2332.863428246671,True
2697718,211130,São Luís,MA,-23.4647655,-46.8584264,-2.63367990071314,-44.28090203111629,cep,nominatim_cep,aproximado_por_cep,2332.863428246671,True
2646668,211130,São Luís,MA,-23.4647655,-46.8584264,-2.63367990071314,-44.28090203111629,cep,nominatim_cep,aproximado_por_cep,2332.863428246671,True
2646536,211130,São Luís,MA,-23.4647655,-46.8584264,-2.63367990071314,-44.28090203111629,cep,nominatim_cep,aproximado_por_cep,2332.863428246671,True
2697971,211130,São Luís,MA,-23.4647655,-46.8584264,-2.63367990071314,-44.28090203111629,cep,nominatim_cep,aproximado_por_cep,2332.863428246671,True
3344614,211130,São Luís,MA,-23.4647655,-46.8584264,-2.63367990071314,-44.28090203111629,cep,nominatim_cep,aproximado_por_cep,2332.863428246671,True
2456958,211130,São Luís,MA,-23.4647655,-46.8584264,-2.63367990071314,-44.28090203111629,cep,nominatim_cep,aproximado_por_cep,2332.863428246671,True
2702886,211130,São Luís,MA,-23.4647655,-46.8584264,-2.63367990071314,-44.28090203111629,cep,nominatim_cep,aproximado_por_cep,2332.863428246671,True
2464276,211130,São Luís,MA,-23.4647655,-46.8584264,-2.63367990071314,-44.28090203111629,cep,nominatim_cep,aproximado_por_cep,2332.863428246671,True
2309475,211130,São Luís,MA,-23.4647655,-46.8584264,-2.63367990071314,-44.28090203111629,cep,nominatim_cep,aproximado_por_cep,2332.863428246671,True
2308800,211130,São Luís,MA,-23.4647655,-46.8584264,-2.63367990071314,-44.28090203111629,cep,nominatim_cep,aproximado_por_cep,2332.863428246671,True
2456907,211130,São Luís,MA,-23.4647655,-46.8584264,-2.63367990071314,-44.28090203111629,cep,nominatim_cep,aproximado_por_cep,2332.863428246671,True
2456915,211130,São Luís,MA,-23.4647655,-46.8584264,-2.63367990071314,-44.28090203111629,cep,nominatim_cep,aproximado_por_cep,2332.863428246671,True
2554798,230770,Maranguape,CE,-23.4647655,-46.8584264,-4.006644292124511,-38.812100451129446,cep,nominatim_cep,aproximado_por_cep,2329.8219470583604,True
2616181,150835,Vitória do Xingu,PA,-23.4647655,-46.8584264,-3.135272441664602,-51.974003607841944,cep,nominatim_cep,aproximado_por_cep,2326.518168389704,True
2653923,240810,Natal,RN,-23.4647655,-46.8584264,-5.803178187345502,-35.22884612438955,cep,nominatim_cep,aproximado_por_cep,2325.2941396275523,True
6531288,240810,Natal,RN,-23.4647655,-46.8584264,-5.803178187345502,-35.22884612438955,cep,nominatim_cep,aproximado_por_cep,2325.2941396275523,True
3184595,240810,Natal,RN,-23.4647655,-46.8584264,-5.803178187345502,-35.22884612438955,cep,nominatim_cep,aproximado_por_cep,2325.2941396275523,True
2012502,130070,Boca do Acre,AM,-15.8032581,-47.8854767,-8.772493795207208,-68.04881591684968,cep,nominatim_cep,aproximado_por_cep,2324.042203884626,True
2360411,150800,Tomé-Açu,PA,-23.4647655,-46.8584264,-2.6360035586248696,-48.26763095622812,cep,nominatim_cep,aproximado_por_cep,2321.0132735737775,True
9145354,150800,Tomé-Açu,PA,-23.4647655,-46.8584264,-2.6360035586248696,-48.26763095622812,cep,nominatim_cep,aproximado_por_cep,2321.0132735737775,True
2313731,150800,Tomé-Açu,PA,-23.4647655,-46.8584264,-2.6360035586248696,-48.26763095622812,cep,nominatim_cep,aproximado_por_cep,2321.0132735737775,True
2375664,241200,São Gonçalo do Amarante,RN,-23.4647655,-46.8584264,-5.787739701371722,-35.3647931255922,cep,nominatim_cep,aproximado_por_cep,2319.0084324234745,True
3264866,241200,São Gonçalo do Amarante,RN,-23.4647655,-46.8584264,-5.787739701371722,-35.3647931255922,cep,nominatim_cep,aproximado_por_cep,2319.0084324234745,True
2473232,240325,Parnamirim,RN,-23.4647655,-46.8584264,-5.91433008506423,-35.23011429063484,cep,nominatim_cep,aproximado_por_cep,2314.658004897863,True
2416778,240325,Parnamirim,RN,-23.4647655,-46.8584264,-5.91433008506423,-35.23011429063484,cep,nominatim_cep,aproximado_por_cep,2314.658004897863,True
2473275,240325,Parnamirim,RN,-23.4647655,-46.8584264,-5.91433008506423,-35.23011429063484,cep,nominatim_cep,aproximado_por_cep,2314.658004897863,True
7885199,240325,Parnamirim,RN,-23.4647655,-46.8584264,-5.91433008506423,-35.23011429063484,cep,nominatim_cep,aproximado_por_cep,2314.658004897863,True
2372843,230110,Aracati,CE,-23.4647655,-46.8584264,-4.681112187384478,-37.68546010994449,cep,nominatim_cep,aproximado_por_cep,2308.836889621583,True
2372967,230110,Aracati,CE,-23.4647655,-46.8584264,-4.681112187384478,-37.68546010994449,cep,nominatim_cep,aproximado_por_cep,2308.836889621583,True
2000857,120040,Rio Branco,AC,-15.8032581,-47.8854767,-10.066457072811021,-68.37157466172916,cep,nominatim_cep,aproximado_por_cep,2308.3608380514793,True
6439837,120040,Rio Branco,AC,-15.8032581,-47.8854767,-10.066457072811021,-68.37157466172916,cep,nominatim_cep,aproximado_por_cep,2308.3608380514793,True
3046354,120040,Rio Branco,AC,-15.8032581,-47.8854767,-10.066457072811021,-68.37157466172916,cep,nominatim_cep,aproximado_por_cep,2308.3608380514793,True
6266665,230610,Irauçuba,CE,-23.4647655,-46.8584264,-3.8657672173653217,-39.81761623832702,cep,nominatim_cep,aproximado_por_cep,2306.8174921320074,True
5360374,231290,Sobral,CE,-23.4647655,-46.8584264,-3.811180690733823,-40.22774275444473,cep,nominatim_cep,aproximado_por_cep,2298.5414516225937,True
3021114,231290,Sobral,CE,-23.4647655,-46.8584264,-3.811180690733823,-40.22774275444473,cep,nominatim_cep,aproximado_por_cep,2298.5414516225937,True
2467348,291750,Jacobina,BA,-29.1536887,-51.1933753,-11.135101625028346,-40.5685811128174,cep,nominatim_cep,aproximado_por_cep,2286.8803699171435,True
6902235,240800,Mossoró,RN,-23.4647655,-46.8584264,-5.1758277738423395,-37.32553520290087,cep,nominatim_cep,aproximado_por_cep,2275.8876709596416,True
2564033,231180,Russas,CE,-23.4647655,-46.8584264,-4.84863106093971,-38.12944513637448,cep,nominatim_cep,aproximado_por_cep,2271.852699327403,True
7117086,150550,Paragominas,PA,-23.4647655,-46.8584264,-3.202963063695385,-47.60229177221338,cep,nominatim_cep,aproximado_por_cep,2254.429194201972,True
7563701,150550,Paragominas,PA,-23.4647655,-46.8584264,-3.202963063695385,-47.60229177221338,cep,nominatim_cep,aproximado_por_cep,2254.429194201972,True
2318644,150550,Paragominas,PA,-23.4647655,-46.8584264,-3.202963063695385,-47.60229177221338,cep,nominatim_cep,aproximado_por_cep,2254.429194201972,True
9672427,230760,Limoeiro do Norte,CE,-23.4647655,-46.8584264,-5.150309991976327,-38.05613160055038,cep,nominatim_cep,aproximado_por_cep,2244.420285981034,True
2343029,250860,Lucena,PB,-23.4647655,-46.8584264,-6.9188849619806385,-34.91223959521125,cep,nominatim_cep,aproximado_por_cep,2239.1700950222184,True
2597225,250860,Lucena,PB,-23.4647655,-46.8584264,-6.9188849619806385,-34.91223959521125,cep,nominatim_cep,aproximado_por_cep,2239.1700950222184,True
0004081,292740,Salvador,BA,-29.1536887,-51.1933753,-12.873658027433297,-38.51458879226414,cep,nominatim_cep,aproximado_por_cep,2234.108890067274,True
0004170,292740,Salvador,BA,-29.1536887,-51.1933753,-12.873658027433297,-38.51458879226414,cep,nominatim_cep,aproximado_por_cep,2234.108890067274,True
5367077,292740,Salvador,BA,-29.1536887,-51.1933753,-12.873658027433297,-38.51458879226414,cep,nominatim_cep,aproximado_por_cep,2234.108890067274,True
5597684,292740,Salvador,BA,-29.1536887,-51.1933753,-12.873658027433297,-38.51458879226414,cep,nominatim_cep,aproximado_por_cep,2234.108890067274,True
0004596,292740,Salvador,BA,-29.1536887,-51.1933753,-12.873658027433297,-38.51458879226414,cep,nominatim_cep,aproximado_por_cep,2234.108890067274,True
6595197,292740,Salvador,BA,-29.1536887,-51.1933753,-12.873658027433297,-38.51458879226414,cep,nominatim_cep,aproximado_por_cep,2234.108890067274,True
2653389,292740,Salvador,BA,-29.1536887,-51.1933753,-12.873658027433297,-38.51458879226414,cep,nominatim_cep,aproximado_por_cep,2234.108890067274,True
3399648,250320,Cabedelo,PB,-23.4647655,-46.8584264,-7.027739274782233,-34.84756893808357,cep,nominatim_cep,aproximado_por_cep,2233.0435305554697,True
2342170,250320,Cabedelo,PB,-23.4647655,-46.8584264,-7.027739274782233,-34.84756893808357,cep,nominatim_cep,aproximado_por_cep,2233.0435305554697,True
2608936,251560,Serra da Raiz,PB,-23.4647655,-46.8584264,-6.7051942155068165,-35.45281236011763,cep,nominatim_cep,aproximado_por_cep,2226.888801602129,True
9467718,251370,Santa Rita,PB,-23.4647655,-46.8584264,-7.067284721232718,-35.000077161851664,cep,nominatim_cep,aproximado_por_cep,2220.0589983910536,True
2343452,251370,Santa Rita,PB,-23.4647655,-46.8584264,-7.067284721232718,-35.000077161851664,cep,nominatim_cep,aproximado_por_cep,2220.0589983910536,True
3016390,250750,João Pessoa,PB,-23.4647655,-46.8584264,-7.165461049386194,-34.86952559862499,cep,nominatim_cep,aproximado_por_cep,2218.97650141612,True
2707527,250750,João Pessoa,PB,-23.4647655,-46.8584264,-7.165461049386194,-34.86952559862499,cep,nominatim_cep,aproximado_por_cep,2218.97650141612,True
2356678,250750,João Pessoa,PB,-23.4647655,-46.8584264,-7.165461049386194,-34.86952559862499,cep,nominatim_cep,aproximado_por_cep,2218.97650141612,True
5750261,250750,João Pessoa,PB,-23.4647655,-46.8584264,-7.165461049386194,-34.86952559862499,cep,nominatim_cep,aproximado_por_cep,2218.97650141612,True
2399628,250750,João Pessoa,PB,-23.4647655,-46.8584264,-7.165461049386194,-34.86952559862499,cep,nominatim_cep,aproximado_por_cep,2218.97650141612,True
2399318,250750,João Pessoa,PB,-23.4647655,-46.8584264,-7.165461049386194,-34.86952559862499,cep,nominatim_cep,aproximado_por_cep,2218.97650141612,True
2399555,250750,João Pessoa,PB,-23.4647655,-46.8584264,-7.165461049386194,-34.86952559862499,cep,nominatim_cep,aproximado_por_cep,2218.97650141612,True
3043142,250750,João Pessoa,PB,-23.4647655,-46.8584264,-7.165461049386194,-34.86952559862499,cep,nominatim_cep,aproximado_por_cep,2218.97650141612,True
2330938,150085,Anapu,PA,-23.4647655,-46.8584264,-3.9967644216616063,-51.30170528742201,cep,nominatim_cep,aproximado_por_cep,2216.7174739716534,True
2330946,150780,Senador José Porfírio,PA,-23.4647655,-46.8584264,-4.169317508387438,-51.77405602807152,cep,nominatim_cep,aproximado_por_cep,2209.5176228459754,True
2603543,251170,Pilõezinhos,PB,-23.4647655,-46.8584264,-6.846175657100438,-35.54896821083203,cep,nominatim_cep,aproximado_por_cep,2207.968318882102,True
2608820,251170,Pilõezinhos,PB,-23.4647655,-46.8584264,-6.846175657100438,-35.54896821083203,cep,nominatim_cep,aproximado_por_cep,2207.968318882102,True
3195023,250520,Cuitegi,PB,-23.4647655,-46.8584264,-6.899192495129488,-35.52280569630965,cep,nominatim_cep,aproximado_por_cep,2204.5039797860086,True
2363887,250380,Caldas Brandão,PB,-23.4647655,-46.8584264,-7.121064218981646,-35.33922315353112,cep,nominatim_cep,aproximado_por_cep,2194.5734929006453,True
2364018,251150,Pilar,PB,-23.4647655,-46.8584264,-7.278908986972139,-35.26668388005909,cep,nominatim_cep,aproximado_por_cep,2184.2263650614163,True
2772299,210990,Santa Inês,MA,-23.4647655,-46.8584264,-3.8734890169448106,-45.43674950541981,cep,nominatim_cep,aproximado_por_cep,2183.7971394294877,True
2465256,210990,Santa Inês,MA,-23.4647655,-46.8584264,-3.8734890169448106,-45.43674950541981,cep,nominatim_cep,aproximado_por_cep,2183.7971394294877,True
2019523,130130,Codajás,AM,-15.8032581,-47.8854767,-3.287640414551204,-62.97462187310888,cep,nominatim_cep,aproximado_por_cep,2159.2125477705704,True
2637847,260680,Igarassu,PE,-23.4647655,-46.8584264,-7.817517074643976,-34.96031563789407,cep,nominatim_cep,aproximado_por_cep,2153.4691190345416,True
2637774,260680,Igarassu,PE,-23.4647655,-46.8584264,-7.817517074643976,-34.96031563789407,cep,nominatim_cep,aproximado_por_cep,2153.4691190345416,True
2639343,260680,Igarassu,PE,-23.4647655,-46.8584264,-7.817517074643976,-34.96031563789407,cep,nominatim_cep,aproximado_por_cep,2153.4691190345416,True
6443419,261070,Paulista,PE,-23.4647655,-46.8584264,-7.928152899032122,-34.88339657540803,cep,nominatim_cep,aproximado_por_cep,2148.2381593251,True
2328100,230835,Milhã,CE,-23.4647655,-46.8584264,-5.640797832010305,-39.17113228415609,cep,nominatim_cep,aproximado_por_cep,2146.1299903806516,True
2362325,250400,Campina Grande,PB,-23.4647655,-46.8584264,-7.263556458570987,-35.96561211194806,cep,nominatim_cep,aproximado_por_cep,2144.2906532430206,True
2362848,250400,Campina Grande,PB,-23.4647655,-46.8584264,-7.263556458570987,-35.96561211194806,cep,nominatim_cep,aproximado_por_cep,2144.2906532430206,True
7052251,250400,Campina Grande,PB,-23.4647655,-46.8584264,-7.263556458570987,-35.96561211194806,cep,nominatim_cep,aproximado_por_cep,2144.2906532430206,True
2315793,250400,Campina Grande,PB,-23.4647655,-46.8584264,-7.263556458570987,-35.96561211194806,cep,nominatim_cep,aproximado_por_cep,2144.2906532430206,True
7113692,250400,Campina Grande,PB,-23.4647655,-46.8584264,-7.263556458570987,-35.96561211194806,cep,nominatim_cep,aproximado_por_cep,2144.2906532430206,True
2362856,250400,Campina Grande,PB,-23.4647655,-46.8584264,-7.263556458570987,-35.96561211194806,cep,nominatim_cep,aproximado_por_cep,2144.2906532430206,True
2713705,260005,Abreu e Lima,PE,-23.4647655,-46.8584264,-7.8796863868020735,-35.01912451743643,cep,nominatim_cep,aproximado_por_cep,2144.0965086255537,True
2713616,260005,Abreu e Lima,PE,-23.4647655,-46.8584264,-7.8796863868020735,-35.01912451743643,cep,nominatim_cep,aproximado_por_cep,2144.0965086255537,True
6443397,260960,Olinda,PE,-23.4647655,-46.8584264,-7.993099511494914,-34.86636372282303,cep,nominatim_cep,aproximado_por_cep,2143.41737691868,True
2344920,260960,Olinda,PE,-23.4647655,-46.8584264,-7.993099511494914,-34.86636372282303,cep,nominatim_cep,aproximado_por_cep,2143.41737691868,True
2345021,260960,Olinda,PE,-23.4647655,-46.8584264,-7.993099511494914,-34.86636372282303,cep,nominatim_cep,aproximado_por_cep,2143.41737691868,True
2345013,260960,Olinda,PE,-23.4647655,-46.8584264,-7.993099511494914,-34.86636372282303,cep,nominatim_cep,aproximado_por_cep,2143.41737691868,True
2345366,260960,Olinda,PE,-23.4647655,-46.8584264,-7.993099511494914,-34.86636372282303,cep,nominatim_cep,aproximado_por_cep,2143.41737691868,True
2344912,260960,Olinda,PE,-23.4647655,-46.8584264,-7.993099511494914,-34.86636372282303,cep,nominatim_cep,aproximado_por_cep,2143.41737691868,True
3842320,260960,Olinda,PE,-23.4647655,-46.8584264,-7.993099511494914,-34.86636372282303,cep,nominatim_cep,aproximado_por_cep,2143.41737691868,True
2328119,231300,Solonópole,CE,-23.4647655,-46.8584264,-5.776418253972274,-39.00243873247875,cep,nominatim_cep,aproximado_por_cep,2139.1714132649013,True
2346338,260345,Camaragibe,PE,-23.4647655,-46.8584264,-7.98677629565074,-34.995813897712814,cep,nominatim_cep,aproximado_por_cep,2135.79251345603,True
3546047,261160,Recife,PE,-23.4647655,-46.8584264,-8.039342723273569,-34.93309263182828,cep,nominatim_cep,aproximado_por_cep,2134.978758953159,True
2723255,231050,Pedra Branca,CE,-23.4647655,-46.8584264,-5.495947872943477,-39.84397821997005,cep,nominatim_cep,aproximado_por_cep,2134.6699569588236,True
2427508,260400,Carpina,PE,-23.4647655,-46.8584264,-7.8192462661334545,-35.30605558087263,cep,nominatim_cep,aproximado_por_cep,2131.795861235818,True
2428784,260400,Carpina,PE,-23.4647655,-46.8584264,-7.8192462661334545,-35.30605558087263,cep,nominatim_cep,aproximado_por_cep,2131.795861235818,True
3849872,260400,Carpina,PE,-23.4647655,-46.8584264,-7.8192462661334545,-35.30605558087263,cep,nominatim_cep,aproximado_por_cep,2131.795861235818,True
2517019,260400,Carpina,PE,-23.4647655,-46.8584264,-7.8192462661334545,-35.30605558087263,cep,nominatim_cep,aproximado_por_cep,2131.795861235818,True
2635844,261370,São Lourenço da Mata,PE,-23.4647655,-46.8584264,-8.023090580921691,-35.10385950245883,cep,nominatim_cep,aproximado_por_cep,2125.676215454241,True
2712415,261370,São Lourenço da Mata,PE,-23.4647655,-46.8584264,-8.023090580921691,-35.10385950245883,cep,nominatim_cep,aproximado_por_cep,2125.676215454241,True
2635909,261370,São Lourenço da Mata,PE,-23.4647655,-46.8584264,-8.023090580921691,-35.10385950245883,cep,nominatim_cep,aproximado_por_cep,2125.676215454241,True
2315181,260440,Chã de Alegria,PE,-23.4647655,-46.8584264,-7.999395622519561,-35.22220417734834,cep,nominatim_cep,aproximado_por_cep,2120.436304574176,True
2315165,260440,Chã de Alegria,PE,-23.4647655,-46.8584264,-7.999395622519561,-35.22220417734834,cep,nominatim_cep,aproximado_por_cep,2120.436304574176,True
2312131,150618,Rondon do Pará,PA,-23.4647655,-46.8584264,-4.516947892863242,-48.459952427149254,cep,nominatim_cep,aproximado_por_cep,2113.898792350668,True
0000035,260290,Cabo de Santo Agostinho,PE,-23.4647655,-46.8584264,-8.269241602759362,-35.08589162105015,cep,nominatim_cep,aproximado_por_cep,2104.3950979994925,True
2453851,210300,Caxias,MA,-23.4647655,-46.8584264,-4.866260921006302,-43.298977819330766,cep,nominatim_cep,aproximado_por_cep,2102.995897786139,True
2711486,261640,Vitória de Santo Antão,PE,-23.4647655,-46.8584264,-8.153944622567916,-35.2919607905751,cep,nominatim_cep,aproximado_por_cep,2101.9263364015806,True
2429004,261640,Vitória de Santo Antão,PE,-23.4647655,-46.8584264,-8.153944622567916,-35.2919607905751,cep,nominatim_cep,aproximado_por_cep,2101.9263364015806,True
9383298,292990,Seabra,BA,-29.1536887,-51.1933753,-12.417688800223267,-41.88476545894788,cep,nominatim_cep,aproximado_por_cep,2095.180438718391,True
2499037,230950,Orós,CE,-23.4647655,-46.8584264,-6.244214250286482,-38.944769987682534,cep,nominatim_cep,aproximado_por_cep,2093.645042755696,True
3479889,230950,Orós,CE,-23.4647655,-46.8584264,-6.244214250286482,-38.944769987682534,cep,nominatim_cep,aproximado_por_cep,2093.645042755696,True
2328429,231135,Quixelô,CE,-23.4647655,-46.8584264,-6.177426917883378,-39.1241487752547,cep,nominatim_cep,aproximado_por_cep,2092.819131101036,True
2427311,260720,Ipojuca,PE,-23.4647655,-46.8584264,-8.43717885891032,-35.08892253390553,cep,nominatim_cep,aproximado_por_cep,2088.9770252600492,True
5973457,221100,Teresina,PI,-23.4647655,-46.8584264,-5.102598915825401,-42.740640209517906,cep,nominatim_cep,aproximado_por_cep,2088.954282794466,True
2344408,260450,Chã Grande,PE,-23.4647655,-46.8584264,-8.229558434791313,-35.473994581378484,cep,nominatim_cep,aproximado_por_cep,2083.659747695654,True
2013339,130353,Presidente Figueiredo,AM,-15.8032581,-47.8854767,-1.3705121801375006,-59.98969581253171,cep,nominatim_cep,aproximado_por_cep,2082.4263133840154,True
2435802,260640,Gravatá,PE,-23.4647655,-46.8584264,-8.199374591616069,-35.56361619183289,cep,nominatim_cep,aproximado_por_cep,2080.8951812164087,True
2682710,251550,Serra Branca,PB,-23.4647655,-46.8584264,-7.535270678019505,-36.70787327379427,cep,nominatim_cep,aproximado_por_cep,2076.237699327326,True
2313618,251620,Sousa,PB,-23.4647655,-46.8584264,-6.739721357635076,-38.225210197422555,cep,nominatim_cep,aproximado_por_cep,2076.0670421704126,True
2504537,251620,Sousa,PB,-23.4647655,-46.8584264,-6.739721357635076,-38.225210197422555,cep,nominatim_cep,aproximado_por_cep,2076.0670421704126,True
2644622,211220,Timon,MA,-23.4647655,-46.8584264,-5.185557395781536,-42.981069084960325,cep,nominatim_cep,aproximado_por_cep,2074.6098341119177,True
2452081,211220,Timon,MA,-23.4647655,-46.8584264,-5.185557395781536,-42.981069084960325,cep,nominatim_cep,aproximado_por_cep,2074.6098341119177,True
4007948,211220,Timon,MA,-23.4647655,-46.8584264,-5.185557395781536,-42.981069084960325,cep,nominatim_cep,aproximado_por_cep,2074.6098341119177,True
2452286,211220,Timon,MA,-23.4647655,-46.8584264,-5.185557395781536,-42.981069084960325,cep,nominatim_cep,aproximado_por_cep,2074.6098341119177,True
2452219,211220,Timon,MA,-23.4647655,-46.8584264,-5.185557395781536,-42.981069084960325,cep,nominatim_cep,aproximado_por_cep,2074.6098341119177,True
2622580,150497,Nova Ipixuna,PA,-23.4647655,-46.8584264,-4.981052961585199,-49.23078598430109,cep,nominatim_cep,aproximado_por_cep,2070.9769725981632,True
2675536,230550,Iguatu,CE,-23.4647655,-46.8584264,-6.359984816081429,-39.28205845485527,cep,nominatim_cep,aproximado_por_cep,2067.4008474919083,True
5292190,230550,Iguatu,CE,-23.4647655,-46.8584264,-6.359984816081429,-39.28205845485527,cep,nominatim_cep,aproximado_por_cep,2067.4008474919083,True
2711532,261180,Ribeirão,PE,-23.4647655,-46.8584264,-8.504567537643492,-35.36645342729181,cep,nominatim_cep,aproximado_por_cep,2065.2347847140186,True
2712490,260480,Cortês,PE,-23.4647655,-46.8584264,-8.43317183836844,-35.530252340127035,cep,nominatim_cep,aproximado_por_cep,2061.4834270439537,True
2346087,260410,Caruaru,PE,-23.4647655,-46.8584264,-8.179882751907694,-36.017470839189336,cep,nominatim_cep,aproximado_por_cep,2055.1211504320154,True
2345927,260410,Caruaru,PE,-23.4647655,-46.8584264,-8.179882751907694,-36.017470839189336,cep,nominatim_cep,aproximado_por_cep,2055.1211504320154,True
3965228,260410,Caruaru,PE,-23.4647655,-46.8584264,-8.179882751907694,-36.017470839189336,cep,nominatim_cep,aproximado_por_cep,2055.1211504320154,True
5093619,260410,Caruaru,PE,-23.4647655,-46.8584264,-8.179882751907694,-36.017470839189336,cep,nominatim_cep,aproximado_por_cep,2055.1211504320154,True
7498810,260410,Caruaru,PE,-23.4647655,-46.8584264,-8.179882751907694,-36.017470839189336,cep,nominatim_cep,aproximado_por_cep,2055.1211504320154,True
2682303,260410,Caruaru,PE,-23.4647655,-46.8584264,-8.179882751907694,-36.017470839189336,cep,nominatim_cep,aproximado_por_cep,2055.1211504320154,True
2346028,260410,Caruaru,PE,-23.4647655,-46.8584264,-8.179882751907694,-36.017470839189336,cep,nominatim_cep,aproximado_por_cep,2055.1211504320154,True
2435454,260590,Gameleira,PE,-23.4647655,-46.8584264,-8.612475829990453,-35.39308365810922,cep,nominatim_cep,aproximado_por_cep,2053.732333680115,True
2603055,291390,Ipiaú,BA,-29.1536887,-51.1933753,-14.05486039300544,-39.72650863894208,cep,nominatim_cep,aproximado_por_cep,2052.1892051995396,True
3010317,291390,Ipiaú,BA,-29.1536887,-51.1933753,-14.05486039300544,-39.72650863894208,cep,nominatim_cep,aproximado_por_cep,2052.1892051995396,True
2496046,110004,Cacoal,RO,-23.4647655,-46.8584264,-11.301321653754393,-61.324674718185506,cep,nominatim_cep,aproximado_por_cep,2042.8509316398327,True
2552930,110004,Cacoal,RO,-23.4647655,-46.8584264,-11.301321653754393,-61.324674718185506,cep,nominatim_cep,aproximado_por_cep,2042.8509316398327,True
2561468,230330,Cariús,CE,-23.4647655,-46.8584264,-6.641986778581618,-39.464075519241774,cep,nominatim_cep,aproximado_por_cep,2030.7687005736807,True
2717379,130010,Anori,AM,-15.8032581,-47.8854767,-4.199247122944213,-62.09550461356047,cep,nominatim_cep,aproximado_por_cep,2019.1107756901338,True
2614898,150420,Marabá,PA,-23.4647655,-46.8584264,-5.630007063120941,-50.01629127512814,cep,nominatim_cep,aproximado_por_cep,2011.7693977106412,True
2638851,261240,Sanharó,PE,-23.4647655,-46.8584264,-8.364772217732982,-36.54948627279957,cep,nominatim_cep,aproximado_por_cep,2006.3329551156573,True
2016419,130090,Canutama,AM,-15.8032581,-47.8854767,-7.299766696620974,-64.06155223464037,cep,nominatim_cep,aproximado_por_cep,1998.0920106876376,True
2352192,261300,São Bento do Una,PE,-23.4647655,-46.8584264,-8.53590554684338,-36.45061788439293,cep,nominatim_cep,aproximado_por_cep,1996.0472048950244,True
2012901,130260,Manaus,AM,-15.8032581,-47.8854767,-2.6257166976075133,-60.259777591991124,cep,nominatim_cep,aproximado_por_cep,1995.6890358242847,True
2019566,130260,Manaus,AM,-15.8032581,-47.8854767,-2.6257166976075133,-60.259777591991124,cep,nominatim_cep,aproximado_por_cep,1995.6890358242847,True
2012685,130260,Manaus,AM,-15.8032581,-47.8854767,-2.6257166976075133,-60.259777591991124,cep,nominatim_cep,aproximado_por_cep,1995.6890358242847,True
9344314,130260,Manaus,AM,-15.8032581,-47.8854767,-2.6257166976075133,-60.259777591991124,cep,nominatim_cep,aproximado_por_cep,1995.6890358242847,True
2013509,130260,Manaus,AM,-15.8032581,-47.8854767,-2.6257166976075133,-60.259777591991124,cep,nominatim_cep,aproximado_por_cep,1995.6890358242847,True
2013029,130260,Manaus,AM,-15.8032581,-47.8854767,-2.6257166976075133,-60.259777591991124,cep,nominatim_cep,aproximado_por_cep,1995.6890358242847,True
6627595,130260,Manaus,AM,-15.8032581,-47.8854767,-2.6257166976075133,-60.259777591991124,cep,nominatim_cep,aproximado_por_cep,1995.6890358242847,True
2019345,130260,Manaus,AM,-15.8032581,-47.8854767,-2.6257166976075133,-60.259777591991124,cep,nominatim_cep,aproximado_por_cep,1995.6890358242847,True
2017318,130260,Manaus,AM,-15.8032581,-47.8854767,-2.6257166976075133,-60.259777591991124,cep,nominatim_cep,aproximado_por_cep,1995.6890358242847,True
5222710,130260,Manaus,AM,-15.8032581,-47.8854767,-2.6257166976075133,-60.259777591991124,cep,nominatim_cep,aproximado_por_cep,1995.6890358242847,True
3809706,130260,Manaus,AM,-15.8032581,-47.8854767,-2.6257166976075133,-60.259777591991124,cep,nominatim_cep,aproximado_por_cep,1995.6890358242847,True
5084458,130260,Manaus,AM,-15.8032581,-47.8854767,-2.6257166976075133,-60.259777591991124,cep,nominatim_cep,aproximado_por_cep,1995.6890358242847,True
2018055,130260,Manaus,AM,-15.8032581,-47.8854767,-2.6257166976075133,-60.259777591991124,cep,nominatim_cep,aproximado_por_cep,1995.6890358242847,True
6421393,130260,Manaus,AM,-15.8032581,-47.8854767,-2.6257166976075133,-60.259777591991124,cep,nominatim_cep,aproximado_por_cep,1995.6890358242847,True
2012758,130260,Manaus,AM,-15.8032581,-47.8854767,-2.6257166976075133,-60.259777591991124,cep,nominatim_cep,aproximado_por_cep,1995.6890358242847,True
2013258,130250,Manacapuru,AM,-15.8032581,-47.8854767,-3.2914271283936194,-60.95884906069644,cep,nominatim_cep,aproximado_por_cep,1995.3809310492932,True
2560828,230810,Mauriti,CE,-23.4647655,-46.8584264,-7.397667238007293,-38.717372590915815,cep,nominatim_cep,aproximado_por_cep,1986.7255095862113,True
2527421,230810,Mauriti,CE,-23.4647655,-46.8584264,-7.397667238007293,-38.717372590915815,cep,nominatim_cep,aproximado_por_cep,1986.7255095862113,True
2426072,230730,Juazeiro do Norte,CE,-23.4647655,-46.8584264,-7.182809742722102,-39.28616002920712,cep,nominatim_cep,aproximado_por_cep,1982.8593855021084,True
3028429,230730,Juazeiro do Norte,CE,-23.4647655,-46.8584264,-7.182809742722102,-39.28616002920712,cep,nominatim_cep,aproximado_por_cep,1982.8593855021084,True
3369293,260120,Arcoverde,PE,-23.4647655,-46.8584264,-8.383876372906636,-37.00553383352521,cep,nominatim_cep,aproximado_por_cep,1978.337170513367,True
2551764,260120,Arcoverde,PE,-23.4647655,-46.8584264,-8.383876372906636,-37.00553383352521,cep,nominatim_cep,aproximado_por_cep,1978.337170513367,True
2633140,261410,Sertânia,PE,-23.4647655,-46.8584264,-8.21014249558357,-37.33587958733089,cep,nominatim_cep,aproximado_por_cep,1976.6354424728734,True
6551033,261410,Sertânia,PE,-23.4647655,-46.8584264,-8.21014249558357,-37.33587958733089,cep,nominatim_cep,aproximado_por_cep,1976.6354424728734,True
2346869,260380,Capoeiras,PE,-23.4647655,-46.8584264,-8.686656688660348,-36.59917412772201,cep,nominatim_cep,aproximado_por_cep,1973.1366634172693,True
3654567,130063,Beruri,AM,-15.8032581,-47.8854767,-4.606723633994399,-61.804397922923364,cep,nominatim_cep,aproximado_por_cep,1965.1381345852496,True
2673886,150553,Parauapebas,PA,-23.4647655,-46.8584264,-6.151770735860637,-50.48952829376407,cep,nominatim_cep,aproximado_por_cep,1963.9347255811608,True
2632705,260320,Caetés,PE,-23.4647655,-46.8584264,-8.803962937530335,-36.659179721193986,cep,nominatim_cep,aproximado_por_cep,1958.5907072438965,True
2703017,260320,Caetés,PE,-23.4647655,-46.8584264,-8.803962937530335,-36.659179721193986,cep,nominatim_cep,aproximado_por_cep,1958.5907072438965,True
3001350,260600,Garanhuns,PE,-23.4647655,-46.8584264,-8.92898113809348,-36.50109679350785,cep,nominatim_cep,aproximado_por_cep,1956.3007035749574,True
6375111,260600,Garanhuns,PE,-23.4647655,-46.8584264,-8.92898113809348,-36.50109679350785,cep,nominatim_cep,aproximado_por_cep,1956.3007035749574,True
2352524,260240,Brejão,PE,-23.4647655,-46.8584264,-9.026745591578173,-36.52986995945825,cep,nominatim_cep,aproximado_por_cep,1945.4690459283863,True
3037169,130395,São Sebastião do Uatumã,AM,-15.8032581,-47.8854767,-1.941438610713071,-58.70551713186186,cep,nominatim_cep,aproximado_por_cep,1944.579312141625,True
2351633,261390,Serra Talhada,PE,-23.4647655,-46.8584264,-8.036080310254519,-38.36972625308188,cep,nominatim_cep,aproximado_por_cep,1939.6517892070774,True
2514311,292820,Santana,BA,-29.1536887,-51.1933753,-13.065676172571212,-43.94239063788875,cep,nominatim_cep,aproximado_por_cep,1939.1856561808631,True
2823470,292820,Santana,BA,-29.1536887,-51.1933753,-13.065676172571212,-43.94239063788875,cep,nominatim_cep,aproximado_por_cep,1939.1856561808631,True
7449968,261510,Terezinha,PE,-23.4647655,-46.8584264,-9.077228698770174,-36.63121289729996,cep,nominatim_cep,aproximado_por_cep,1934.6910439425455,True
2527065,231060,Penaforte,CE,-23.4647655,-46.8584264,-7.780413377843908,-39.05395632801122,cep,nominatim_cep,aproximado_por_cep,1932.5164393944146,True
2352761,260430,Cedro,PE,-23.4647655,-46.8584264,-7.743825713451867,-39.20373202851267,cep,nominatim_cep,aproximado_por_cep,1929.3996955542511,True
2493853,110020,Porto Velho,RO,-15.8032581,-47.8854767,-9.156836824593006,-64.30704084815694,cep,nominatim_cep,aproximado_por_cep,1928.6321279514134,True
2515466,110020,Porto Velho,RO,-15.8032581,-47.8854767,-9.156836824593006,-64.30704084815694,cep,nominatim_cep,aproximado_por_cep,1928.6321279514134,True
2515458,110020,Porto Velho,RO,-15.8032581,-47.8854767,-9.156836824593006,-64.30704084815694,cep,nominatim_cep,aproximado_por_cep,1928.6321279514134,True
4001303,110020,Porto Velho,RO,-15.8032581,-47.8854767,-9.156836824593006,-64.30704084815694,cep,nominatim_cep,aproximado_por_cep,1928.6321279514134,True
2493896,110020,Porto Velho,RO,-15.8032581,-47.8854767,-9.156836824593006,-64.30704084815694,cep,nominatim_cep,aproximado_por_cep,1928.6321279514134,True
2680017,110020,Porto Velho,RO,-15.8032581,-47.8854767,-9.156836824593006,-64.30704084815694,cep,nominatim_cep,aproximado_por_cep,1928.6321279514134,True
6228968,110020,Porto Velho,RO,-15.8032581,-47.8854767,-9.156836824593006,-64.30704084815694,cep,nominatim_cep,aproximado_por_cep,1928.6321279514134,True
6205224,110020,Porto Velho,RO,-15.8032581,-47.8854767,-9.156836824593006,-64.30704084815694,cep,nominatim_cep,aproximado_por_cep,1928.6321279514134,True
2515431,110020,Porto Velho,RO,-15.8032581,-47.8854767,-9.156836824593006,-64.30704084815694,cep,nominatim_cep,aproximado_por_cep,1928.6321279514134,True
2515369,110020,Porto Velho,RO,-15.8032581,-47.8854767,-9.156836824593006,-64.30704084815694,cep,nominatim_cep,aproximado_por_cep,1928.6321279514134,True
5874645,150215,Canaã dos Carajás,PA,-23.4647655,-46.8584264,-6.4242632342690325,-50.085645658009526,cep,nominatim_cep,aproximado_por_cep,1925.9964360854685,True
2677563,150215,Canaã dos Carajás,PA,-23.4647655,-46.8584264,-6.4242632342690325,-50.085645658009526,cep,nominatim_cep,aproximado_por_cep,1925.9964360854685,True
2703106,261610,Verdejante,PE,-23.4647655,-46.8584264,-7.975858282209689,-38.98908534499217,cep,nominatim_cep,aproximado_por_cep,1915.8035369344068,True
2799804,292810,Santa Maria da Vitória,BA,-29.1536887,-51.1933753,-13.218418277774541,-44.38000478474356,cep,nominatim_cep,aproximado_por_cep,1906.294014617631,True
2010151,270860,São Miguel dos Campos,AL,-23.4647655,-46.8584264,-9.772803136034257,-36.10077040094015,cep,nominatim_cep,aproximado_por_cep,1903.5543684292563,True
2615738,150034,Água Azul do Norte,PA,-23.4647655,-46.8584264,-6.773037438214747,-50.43014640963346,cep,nominatim_cep,aproximado_por_cep,1894.8871396003217,True
2016915,130115,Careiro da Várzea,AM,-15.8032581,-47.8854767,-3.2860022387723533,-59.59873788642222,cep,nominatim_cep,aproximado_por_cep,1892.0145416731825,True
2711893,260570,Floresta,PE,-23.4647655,-46.8584264,-8.566176691892268,-38.30511145251349,cep,nominatim_cep,aproximado_por_cep,1890.5511397689163,True
2639262,260110,Araripina,PE,-23.4647655,-46.8584264,-7.6078997174587295,-40.48480927934691,cep,nominatim_cep,aproximado_por_cep,1889.818976435929,True
2722410,270140,Campo Alegre,AL,-23.4647655,-46.8584264,-9.81485606491556,-36.282927351275234,cep,nominatim_cep,aproximado_por_cep,1888.1839809590438,True
2818396,431560,Rio Grande,RS,-15.8032581,-47.8854767,-32.2171189525277,-52.40317947254232,cep,nominatim_cep,aproximado_por_cep,1881.3228014822835,True
2818388,431560,Rio Grande,RS,-15.8032581,-47.8854767,-32.2171189525277,-52.40317947254232,cep,nominatim_cep,aproximado_por_cep,1881.3228014822835,True
2262010,430003,Aceguá,RS,-15.8032581,-47.8854767,-31.690567097259045,-54.13926026154742,cep,nominatim_cep,aproximado_por_cep,1876.6457950752385,True
2722615,270915,Teotônio Vilela,AL,-23.4647655,-46.8584264,-9.964724106710655,-36.37148900475989,cep,nominatim_cep,aproximado_por_cep,1868.9754887963986,True
2722399,270915,Teotônio Vilela,AL,-23.4647655,-46.8584264,-9.964724106710655,-36.37148900475989,cep,nominatim_cep,aproximado_por_cep,1868.9754887963986,True
2722682,270915,Teotônio Vilela,AL,-23.4647655,-46.8584264,-9.964724106710655,-36.37148900475989,cep,nominatim_cep,aproximado_por_cep,1868.9754887963986,True
2672111,150840,Xinguara,PA,-23.4647655,-46.8584264,-6.917719192425204,-49.63501912053534,cep,nominatim_cep,aproximado_por_cep,1863.7133566880013,True
2621592,150840,Xinguara,PA,-23.4647655,-46.8584264,-6.917719192425204,-49.63501912053534,cep,nominatim_cep,aproximado_por_cep,1863.7133566880013,True
2621606,150840,Xinguara,PA,-23.4647655,-46.8584264,-6.917719192425204,-49.63501912053534,cep,nominatim_cep,aproximado_por_cep,1863.7133566880013,True
7155840,150840,Xinguara,PA,-23.4647655,-46.8584264,-6.917719192425204,-49.63501912053534,cep,nominatim_cep,aproximado_por_cep,1863.7133566880013,True
2506572,292340,Palmas de Monte Alto,BA,-29.1536887,-51.1933753,-14.175148361269976,-43.21755527154883,cep,nominatim_cep,aproximado_por_cep,1856.7426773552945,True
2011042,270070,Batalha,AL,-23.4647655,-46.8584264,-9.708623524598929,-37.1006303834862,cep,nominatim_cep,aproximado_por_cep,1847.7654746677151,True
2019914,160030,Macapá,AP,-15.8032581,-47.8854767,0.5629988975748684,-50.69169587352315,cep,nominatim_cep,aproximado_por_cep,1845.7527672179776,True
2013045,130030,Autazes,AM,-15.8032581,-47.8854767,-3.7874766740407226,-59.525495124183315,cep,nominatim_cep,aproximado_por_cep,1845.3265943517224,True
2016923,130190,Itacoatiara,AM,-15.8032581,-47.8854767,-3.1739669490968496,-58.775570341444386,cep,nominatim_cep,aproximado_por_cep,1841.7907896147856,True
3944646,431710,Sant'Ana do Livramento,RS,-15.8032581,-47.8854767,-30.738340185960674,-55.562750070023185,cep,nominatim_cep,aproximado_por_cep,1835.0413454972265,True
3062821,431710,Sant'Ana do Livramento,RS,-15.8032581,-47.8854767,-30.738340185960674,-55.562750070023185,cep,nominatim_cep,aproximado_por_cep,1835.0413454972265,True
2261987,430160,Bagé,RS,-15.8032581,-47.8854767,-31.23653898568016,-54.015703395174874,cep,nominatim_cep,aproximado_por_cep,1825.3443371648418,True
2261413,430160,Bagé,RS,-15.8032581,-47.8854767,-31.23653898568016,-54.015703395174874,cep,nominatim_cep,aproximado_por_cep,1825.3443371648418,True
2254069,431440,Pelotas,RS,-15.8032581,-47.8854767,-31.58108146643446,-52.341288841642175,cep,nominatim_cep,aproximado_por_cep,1811.5574882451756,True
7701942,431440,Pelotas,RS,-15.8032581,-47.8854767,-31.58108146643446,-52.341288841642175,cep,nominatim_cep,aproximado_por_cep,1811.5574882451756,True
2253518,431440,Pelotas,RS,-15.8032581,-47.8854767,-31.58108146643446,-52.341288841642175,cep,nominatim_cep,aproximado_por_cep,1811.5574882451756,True
2014688,130270,Manicoré,AM,-15.8032581,-47.8854767,-6.458586989774259,-61.445847116093894,cep,nominatim_cep,aproximado_por_cep,1806.3056140639567,True
2232375,432232,Turuçu,RS,-15.8032581,-47.8854767,-31.47509766491755,-52.15613798238171,cep,nominatim_cep,aproximado_por_cep,1795.585600077741,True
2680033,240810,Natal,RN,-15.8032581,-47.8854767,-5.803178187345502,-35.22884612438955,cep,nominatim_cep,aproximado_por_cep,1772.524889227306,True
2408236,240810,Natal,RN,-15.8032581,-47.8854767,-5.803178187345502,-35.22884612438955,cep,nominatim_cep,aproximado_por_cep,1772.524889227306,True
2653990,240810,Natal,RN,-15.8032581,-47.8854767,-5.803178187345502,-35.22884612438955,cep,nominatim_cep,aproximado_por_cep,1772.524889227306,True
2679469,240810,Natal,RN,-15.8032581,-47.8854767,-5.803178187345502,-35.22884612438955,cep,nominatim_cep,aproximado_por_cep,1772.524889227306,True
7923287,240810,Natal,RN,-15.8032581,-47.8854767,-5.803178187345502,-35.22884612438955,cep,nominatim_cep,aproximado_por_cep,1772.524889227306,True
2409054,240810,Natal,RN,-15.8032581,-47.8854767,-5.803178187345502,-35.22884612438955,cep,nominatim_cep,aproximado_por_cep,1772.524889227306,True
2408872,240810,Natal,RN,-15.8032581,-47.8854767,-5.803178187345502,-35.22884612438955,cep,nominatim_cep,aproximado_por_cep,1772.524889227306,True
2408465,240810,Natal,RN,-15.8032581,-47.8854767,-5.803178187345502,-35.22884612438955,cep,nominatim_cep,aproximado_por_cep,1772.524889227306,True
2408228,240810,Natal,RN,-15.8032581,-47.8854767,-5.803178187345502,-35.22884612438955,cep,nominatim_cep,aproximado_por_cep,1772.524889227306,True
2408147,240810,Natal,RN,-15.8032581,-47.8854767,-5.803178187345502,-35.22884612438955,cep,nominatim_cep,aproximado_por_cep,1772.524889227306,True
2654024,240810,Natal,RN,-15.8032581,-47.8854767,-5.803178187345502,-35.22884612438955,cep,nominatim_cep,aproximado_por_cep,1772.524889227306,True
2654261,240810,Natal,RN,-15.8032581,-47.8854767,-5.803178187345502,-35.22884612438955,cep,nominatim_cep,aproximado_por_cep,1772.524889227306,True
2656485,240810,Natal,RN,-15.8032581,-47.8854767,-5.803178187345502,-35.22884612438955,cep,nominatim_cep,aproximado_por_cep,1772.524889227306,True
7408765,240810,Natal,RN,-15.8032581,-47.8854767,-5.803178187345502,-35.22884612438955,cep,nominatim_cep,aproximado_por_cep,1772.524889227306,True
2016354,130068,Boa Vista do Ramos,AM,-15.8032581,-47.8854767,-3.1378089662966877,-57.670140365147304,cep,nominatim_cep,aproximado_por_cep,1769.1649406548863,True
2473429,240325,Parnamirim,RN,-15.8032581,-47.8854767,-5.91433008506423,-35.23011429063484,cep,nominatim_cep,aproximado_por_cep,1764.5205823733595,True
2416786,240325,Parnamirim,RN,-15.8032581,-47.8854767,-5.91433008506423,-35.23011429063484,cep,nominatim_cep,aproximado_por_cep,1764.5205823733595,True
2416743,240325,Parnamirim,RN,-15.8032581,-47.8854767,-5.91433008506423,-35.23011429063484,cep,nominatim_cep,aproximado_por_cep,1764.5205823733595,True
2473259,240325,Parnamirim,RN,-15.8032581,-47.8854767,-5.91433008506423,-35.23011429063484,cep,nominatim_cep,aproximado_por_cep,1764.5205823733595,True
2375583,241200,São Gonçalo do Amarante,RN,-15.8032581,-47.8854767,-5.787739701371722,-35.3647931255922,cep,nominatim_cep,aproximado_por_cep,1762.1121545064511,True
2798093,241200,São Gonçalo do Amarante,RN,-15.8032581,-47.8854767,-5.787739701371722,-35.3647931255922,cep,nominatim_cep,aproximado_por_cep,1762.1121545064511,True
2011905,130310,Nova Olinda do Norte,AM,-15.8032581,-47.8854767,-3.9893812283472805,-58.599870743144656,cep,nominatim_cep,aproximado_por_cep,1760.022749629881,True
2016893,130340,Parintins,AM,-15.8032581,-47.8854767,-2.6880608637125936,-56.85466576964671,cep,nominatim_cep,aproximado_por_cep,1758.1601278036776,True
3061280,110002,Ariquemes,RO,-15.8032581,-47.8854767,-9.951936734423027,-62.95750515598174,cep,nominatim_cep,aproximado_por_cep,1757.5865807849573,True
2494280,110002,Ariquemes,RO,-15.8032581,-47.8854767,-9.951936734423027,-62.95750515598174,cep,nominatim_cep,aproximado_por_cep,1757.5865807849573,True
2494299,110002,Ariquemes,RO,-15.8032581,-47.8854767,-9.951936734423027,-62.95750515598174,cep,nominatim_cep,aproximado_por_cep,1757.5865807849573,True
3933229,241390,Taipu,RN,-15.8032581,-47.8854767,-5.596699252797896,-35.58521163221897,cep,nominatim_cep,aproximado_por_cep,1757.467655921157,True
2474425,241390,Taipu,RN,-15.8032581,-47.8854767,-5.596699252797896,-35.58521163221897,cep,nominatim_cep,aproximado_por_cep,1757.467655921157,True
3941035,241390,Taipu,RN,-15.8032581,-47.8854767,-5.596699252797896,-35.58521163221897,cep,nominatim_cep,aproximado_por_cep,1757.467655921157,True
2474174,241010,Poço Branco,RN,-15.8032581,-47.8854767,-5.571510501528567,-35.694364136269336,cep,nominatim_cep,aproximado_por_cep,1750.2482227273053,True
2560089,241220,São José de Mipibu,RN,-15.8032581,-47.8854767,-6.063992605554944,-35.28942272216704,cep,nominatim_cep,aproximado_por_cep,1748.8864286224582,True
5498465,150613,Redenção,PA,-23.4647655,-46.8584264,-8.069347120704428,-50.198159084043205,cep,nominatim_cep,aproximado_por_cep,1748.5265850673466,True
2316668,150613,Redenção,PA,-23.4647655,-46.8584264,-8.069347120704428,-50.198159084043205,cep,nominatim_cep,aproximado_por_cep,1748.5265850673466,True
2316633,150613,Redenção,PA,-23.4647655,-46.8584264,-8.069347120704428,-50.198159084043205,cep,nominatim_cep,aproximado_por_cep,1748.5265850673466,True
2504901,150613,Redenção,PA,-23.4647655,-46.8584264,-8.069347120704428,-50.198159084043205,cep,nominatim_cep,aproximado_por_cep,1748.5265850673466,True
3185591,150613,Redenção,PA,-23.4647655,-46.8584264,-8.069347120704428,-50.198159084043205,cep,nominatim_cep,aproximado_por_cep,1748.5265850673466,True
2474042,240185,Caiçara do Norte,RN,-15.8032581,-47.8854767,-5.191828370330594,-36.08330942574097,cep,nominatim_cep,aproximado_por_cep,1746.9596005988801,True
3219135,240120,Arês,RN,-15.8032581,-47.8854767,-6.19368708421472,-35.208165789784594,cep,nominatim_cep,aproximado_por_cep,1746.7886302978382,True
2473518,240710,Macaíba,RN,-15.8032581,-47.8854767,-5.92684253679331,-35.42873903988365,cep,nominatim_cep,aproximado_por_cep,1746.7421528356354,True
2473577,240710,Macaíba,RN,-15.8032581,-47.8854767,-5.92684253679331,-35.42873903988365,cep,nominatim_cep,aproximado_por_cep,1746.7421528356354,True
6742017,240710,Macaíba,RN,-15.8032581,-47.8854767,-5.92684253679331,-35.42873903988365,cep,nominatim_cep,aproximado_por_cep,1746.7421528356354,True
6559689,240710,Macaíba,RN,-15.8032581,-47.8854767,-5.92684253679331,-35.42873903988365,cep,nominatim_cep,aproximado_por_cep,1746.7421528356354,True
3329151,240710,Macaíba,RN,-15.8032581,-47.8854767,-5.92684253679331,-35.42873903988365,cep,nominatim_cep,aproximado_por_cep,1746.7421528356354,True
4067312,431830,São Gabriel,RS,-15.8032581,-47.8854767,-30.304928493639732,-54.365341020808636,cep,nominatim_cep,aproximado_por_cep,1742.4232664643732,True
2232847,430605,Cristal,RS,-15.8032581,-47.8854767,-31.008697263470513,-52.0305250963581,cep,nominatim_cep,aproximado_por_cep,1742.3981610077078,True
2429918,261110,Petrolina,PE,-23.4647655,-46.8584264,-9.019752454343784,-40.57240405756292,cep,nominatim_cep,aproximado_por_cep,1739.892540802586,True
3136876,261110,Petrolina,PE,-23.4647655,-46.8584264,-9.019752454343784,-40.57240405756292,cep,nominatim_cep,aproximado_por_cep,1739.892540802586,True
3825213,241480,Vera Cruz,RN,-15.8032581,-47.8854767,-6.037191106203023,-35.43551950228143,cep,nominatim_cep,aproximado_por_cep,1738.3103636563237,True
2375249,241480,Vera Cruz,RN,-15.8032581,-47.8854767,-6.037191106203023,-35.43551950228143,cep,nominatim_cep,aproximado_por_cep,1738.3103636563237,True
4012577,240220,Canguaretama,RN,-15.8032581,-47.8854767,-6.39507942491302,-35.14845677713765,cep,nominatim_cep,aproximado_por_cep,1738.048918500079,True
2708108,130050,Barreirinha,AM,-15.8032581,-47.8854767,-3.1289542305725493,-57.17238183300661,cep,nominatim_cep,aproximado_por_cep,1737.5447012162306,True
2357666,250930,Mataraca,PB,-15.8032581,-47.8854767,-6.55631717565591,-35.04391087864625,cep,nominatim_cep,aproximado_por_cep,1736.2151165071916,True
5498457,240160,Bento Fernandes,RN,-15.8032581,-47.8854767,-5.67591397383656,-35.81184932980245,cep,nominatim_cep,aproximado_por_cep,1732.818710918706,True
2375222,240180,Brejinho,RN,-15.8032581,-47.8854767,-6.218169110969539,-35.38358550883089,cep,nominatim_cep,aproximado_por_cep,1729.9877753699488,True
2375206,240180,Brejinho,RN,-15.8032581,-47.8854767,-6.218169110969539,-35.38358550883089,cep,nominatim_cep,aproximado_por_cep,1729.9877753699488,True
4012437,240170,Bom Jesus,RN,-15.8032581,-47.8854767,-6.000815276079702,-35.59079380424401,cep,nominatim_cep,aproximado_por_cep,1727.72837804986,True
9323856,430350,Camaquã,RS,-15.8032581,-47.8854767,-30.92243926087168,-51.78864835467257,cep,nominatim_cep,aproximado_por_cep,1727.3240984111087,True
2226383,430350,Camaquã,RS,-15.8032581,-47.8854767,-30.92243926087168,-51.78864835467257,cep,nominatim_cep,aproximado_por_cep,1727.3240984111087,True
2375109,240980,Pedro Velho,RN,-15.8032581,-47.8854767,-6.46525828711497,-35.22452073111022,cep,nominatim_cep,aproximado_por_cep,1726.6208903029483,True
3035131,240980,Pedro Velho,RN,-15.8032581,-47.8854767,-6.46525828711497,-35.22452073111022,cep,nominatim_cep,aproximado_por_cep,1726.6208903029483,True
2316757,150390,Juruti,PA,-15.8032581,-47.8854767,-2.6228686967040287,-56.22120847108589,cep,nominatim_cep,aproximado_por_cep,1726.5683900163704,True
2316811,150390,Juruti,PA,-15.8032581,-47.8854767,-2.6228686967040287,-56.22120847108589,cep,nominatim_cep,aproximado_por_cep,1726.5683900163704,True
7712103,150390,Juruti,PA,-15.8032581,-47.8854767,-2.6228686967040287,-56.22120847108589,cep,nominatim_cep,aproximado_por_cep,1726.5683900163704,True
2374633,240630,Lagoa de Pedras,RN,-15.8032581,-47.8854767,-6.19243174402639,-35.4508288972091,cep,nominatim_cep,aproximado_por_cep,1726.0313418068001,True
2423200,280670,São Cristóvão,SE,-23.4647655,-46.8584264,-10.962222297280087,-37.220432314952916,cep,nominatim_cep,aproximado_por_cep,1724.8403282202269,True
2374498,240660,Lagoa Salgada,RN,-15.8032581,-47.8854767,-6.147191367485176,-35.50504015080339,cep,nominatim_cep,aproximado_por_cep,1724.5919404240392,True
2356694,250320,Cabedelo,PB,-15.8032581,-47.8854767,-7.027739274782233,-34.84756893808357,cep,nominatim_cep,aproximado_por_cep,1722.4491197723019,True
7503407,240770,Montanhas,RN,-15.8032581,-47.8854767,-6.504924309308615,-35.29092363123823,cep,nominatim_cep,aproximado_por_cep,1718.1248547926846,True
3009564,240770,Montanhas,RN,-15.8032581,-47.8854767,-6.504924309308615,-35.29092363123823,cep,nominatim_cep,aproximado_por_cep,1718.1248547926846,True
2375052,240770,Montanhas,RN,-15.8032581,-47.8854767,-6.504924309308615,-35.29092363123823,cep,nominatim_cep,aproximado_por_cep,1718.1248547926846,True
4013042,240530,Januário Cicco,RN,-15.8032581,-47.8854767,-6.152456717494759,-35.60003899287842,cep,nominatim_cep,aproximado_por_cep,1716.1272117215035,True
3726401,250750,João Pessoa,PB,-15.8032581,-47.8854767,-7.165461049386194,-34.86952559862499,cep,nominatim_cep,aproximado_por_cep,1711.5930541607606,True
2400065,250750,João Pessoa,PB,-15.8032581,-47.8854767,-7.165461049386194,-34.86952559862499,cep,nominatim_cep,aproximado_por_cep,1711.5930541607606,True
2400243,250750,João Pessoa,PB,-15.8032581,-47.8854767,-7.165461049386194,-34.86952559862499,cep,nominatim_cep,aproximado_por_cep,1711.5930541607606,True
2399717,250750,João Pessoa,PB,-15.8032581,-47.8854767,-7.165461049386194,-34.86952559862499,cep,nominatim_cep,aproximado_por_cep,1711.5930541607606,True
3398315,250750,João Pessoa,PB,-15.8032581,-47.8854767,-7.165461049386194,-34.86952559862499,cep,nominatim_cep,aproximado_por_cep,1711.5930541607606,True
2756188,250750,João Pessoa,PB,-15.8032581,-47.8854767,-7.165461049386194,-34.86952559862499,cep,nominatim_cep,aproximado_por_cep,1711.5930541607606,True
3001377,250750,João Pessoa,PB,-15.8032581,-47.8854767,-7.165461049386194,-34.86952559862499,cep,nominatim_cep,aproximado_por_cep,1711.5930541607606,True
2399644,250750,João Pessoa,PB,-15.8032581,-47.8854767,-7.165461049386194,-34.86952559862499,cep,nominatim_cep,aproximado_por_cep,1711.5930541607606,True
2593262,250750,João Pessoa,PB,-15.8032581,-47.8854767,-7.165461049386194,-34.86952559862499,cep,nominatim_cep,aproximado_por_cep,1711.5930541607606,True
7561792,250750,João Pessoa,PB,-15.8032581,-47.8854767,-7.165461049386194,-34.86952559862499,cep,nominatim_cep,aproximado_por_cep,1711.5930541607606,True
7584164,250750,João Pessoa,PB,-15.8032581,-47.8854767,-7.165461049386194,-34.86952559862499,cep,nominatim_cep,aproximado_por_cep,1711.5930541607606,True
2375265,241150,Santo Antônio,RN,-15.8032581,-47.8854767,-6.339475327162712,-35.5053898055496,cep,nominatim_cep,aproximado_por_cep,1711.036109143048,True
2356988,250180,Bayeux,PB,-15.8032581,-47.8854767,-7.131731253894776,-34.92194589609464,cep,nominatim_cep,aproximado_por_cep,1709.048209079852,True
2474891,241030,Serra Caiada,RN,-15.8032581,-47.8854767,-6.1077705461493,-35.72195502330432,cep,nominatim_cep,aproximado_por_cep,1708.9741532661442,True
2475146,241110,Ruy Barbosa,RN,-15.8032581,-47.8854767,-5.856865269158325,-35.940523879272625,cep,nominatim_cep,aproximado_por_cep,1708.8360528336482,True
2592746,251370,Santa Rita,PB,-15.8032581,-47.8854767,-7.067284721232718,-35.000077161851664,cep,nominatim_cep,aproximado_por_cep,1706.2186008012795,True
2343320,251370,Santa Rita,PB,-15.8032581,-47.8854767,-7.067284721232718,-35.000077161851664,cep,nominatim_cep,aproximado_por_cep,1706.2186008012795,True
2343363,251370,Santa Rita,PB,-15.8032581,-47.8854767,-7.067284721232718,-35.000077161851664,cep,nominatim_cep,aproximado_por_cep,1706.2186008012795,True
2375079,240620,Lagoa d'Anta,RN,-15.8032581,-47.8854767,-6.38416905572461,-35.62631061261206,cep,nominatim_cep,aproximado_por_cep,1697.5268763585045,True
2520524,291840,Juazeiro,BA,-23.4647655,-46.8584264,-9.556628601606818,-40.27440157133306,cep,nominatim_cep,aproximado_por_cep,1697.4377144925825,True
2557509,291840,Juazeiro,BA,-23.4647655,-46.8584264,-9.556628601606818,-40.27440157133306,cep,nominatim_cep,aproximado_por_cep,1697.4377144925825,True
3017532,251190,Pitimbu,PB,-15.8032581,-47.8854767,-7.430890480734753,-34.841770091693995,cep,nominatim_cep,aproximado_por_cep,1697.2411964208159,True
2407841,240990,Pendências,RN,-15.8032581,-47.8854767,-5.292919556306806,-36.62398626263633,cep,nominatim_cep,aproximado_por_cep,1696.0238690018814,True
3024881,241370,Sítio Novo,RN,-15.8032581,-47.8854767,-6.08796328957775,-35.9272997943991,cep,nominatim_cep,aproximado_por_cep,1693.0989354506921,True
4014596,241370,Sítio Novo,RN,-15.8032581,-47.8854767,-6.08796328957775,-35.9272997943991,cep,nominatim_cep,aproximado_por_cep,1693.0989354506921,True
4014685,241400,Tangará,RN,-15.8032581,-47.8854767,-6.2169618412483745,-35.83529444025336,cep,nominatim_cep,aproximado_por_cep,1691.5696906796345,True
4014715,241400,Tangará,RN,-15.8032581,-47.8854767,-6.2169618412483745,-35.83529444025336,cep,nominatim_cep,aproximado_por_cep,1691.5696906796345,True
3012425,241400,Tangará,RN,-15.8032581,-47.8854767,-6.2169618412483745,-35.83529444025336,cep,nominatim_cep,aproximado_por_cep,1691.5696906796345,True
2472678,510787,Sapezal,MT,-23.4647655,-46.8584264,-13.15338231719484,-58.653399392808254,cep,nominatim_cep,aproximado_por_cep,1690.8297598790878,True
2812622,510787,Sapezal,MT,-23.4647655,-46.8584264,-13.15338231719484,-58.653399392808254,cep,nominatim_cep,aproximado_por_cep,1690.8297598790878,True
3916065,150658,Santa Maria das Barreiras,PA,-23.4647655,-46.8584264,-8.6338648512417,-50.314307649755946,cep,nominatim_cep,aproximado_por_cep,1689.6821543640438,True
2333589,150658,Santa Maria das Barreiras,PA,-23.4647655,-46.8584264,-8.6338648512417,-50.314307649755946,cep,nominatim_cep,aproximado_por_cep,1689.6821543640438,True
2333538,150658,Santa Maria das Barreiras,PA,-23.4647655,-46.8584264,-8.6338648512417,-50.314307649755946,cep,nominatim_cep,aproximado_por_cep,1689.6821543640438,True
5595649,241290,São Tomé,RN,-15.8032581,-47.8854767,-5.988166779629761,-36.128540464832085,cep,nominatim_cep,aproximado_por_cep,1683.5784397456496,True
2529076,230440,Fortaleza,CE,-15.8032581,-47.8854767,-3.7858355306379634,-38.52799397700403,cep,nominatim_cep,aproximado_por_cep,1683.0569013868862,True
7980310,230440,Fortaleza,CE,-15.8032581,-47.8854767,-3.7858355306379634,-38.52799397700403,cep,nominatim_cep,aproximado_por_cep,1683.0569013868862,True
2410125,240250,Carnaubais,RN,-15.8032581,-47.8854767,-5.264064553893085,-36.8572747564362,cep,nominatim_cep,aproximado_por_cep,1679.9364430221044,True
2611295,230428,Eusébio,CE,-15.8032581,-47.8854767,-3.8759755598225096,-38.45759722332705,cep,nominatim_cep,aproximado_por_cep,1679.754882507089,True
7103255,230428,Eusébio,CE,-15.8032581,-47.8854767,-3.8759755598225096,-38.45759722332705,cep,nominatim_cep,aproximado_por_cep,1679.754882507089,True
2481839,230428,Eusébio,CE,-15.8032581,-47.8854767,-3.8759755598225096,-38.45759722332705,cep,nominatim_cep,aproximado_por_cep,1679.754882507089,True
2725029,230428,Eusébio,CE,-15.8032581,-47.8854767,-3.8759755598225096,-38.45759722332705,cep,nominatim_cep,aproximado_por_cep,1679.754882507089,True
4013301,240680,Lajes Pintadas,RN,-15.8032581,-47.8854767,-6.148064745038952,-36.13421735355836,cep,nominatim_cep,aproximado_por_cep,1671.4086661788638,True
2474999,240540,Japi,RN,-15.8032581,-47.8854767,-6.432822735923635,-35.89910475404614,cep,nominatim_cep,aproximado_por_cep,1670.7845784420724,True
5140013,240540,Japi,RN,-15.8032581,-47.8854767,-6.432822735923635,-35.89910475404614,cep,nominatim_cep,aproximado_por_cep,1670.7845784420724,True
2372568,230445,Fortim,CE,-15.8032581,-47.8854767,-4.464392605056212,-37.87369329388692,cep,nominatim_cep,aproximado_por_cep,1669.2096704613573,True
5139090,230765,Maracanaú,CE,-15.8032581,-47.8854767,-3.8745336703210187,-38.627132389306695,cep,nominatim_cep,aproximado_por_cep,1668.5725572220974,True
3008606,230765,Maracanaú,CE,-15.8032581,-47.8854767,-3.8745336703210187,-38.627132389306695,cep,nominatim_cep,aproximado_por_cep,1668.5725572220974,True
6612075,230765,Maracanaú,CE,-15.8032581,-47.8854767,-3.8745336703210187,-38.627132389306695,cep,nominatim_cep,aproximado_por_cep,1668.5725572220974,True
2372185,230765,Maracanaú,CE,-15.8032581,-47.8854767,-3.8745336703210187,-38.627132389306695,cep,nominatim_cep,aproximado_por_cep,1668.5725572220974,True
2372266,230765,Maracanaú,CE,-15.8032581,-47.8854767,-3.8745336703210187,-38.627132389306695,cep,nominatim_cep,aproximado_por_cep,1668.5725572220974,True
3773043,230765,Maracanaú,CE,-15.8032581,-47.8854767,-3.8745336703210187,-38.627132389306695,cep,nominatim_cep,aproximado_por_cep,1668.5725572220974,True
3981509,230765,Maracanaú,CE,-15.8032581,-47.8854767,-3.8745336703210187,-38.627132389306695,cep,nominatim_cep,aproximado_por_cep,1668.5725572220974,True
2317532,150410,Magalhães Barata,PA,-15.8032581,-47.8854767,-0.8098541351547854,-47.63520940700752,cep,nominatim_cep,aproximado_por_cep,1667.41646242781,True
3612392,150680,Santarém,PA,-15.8032581,-47.8854767,-2.679419004787972,-55.238402842671306,cep,nominatim_cep,aproximado_por_cep,1666.646564617997,True
2330342,150680,Santarém,PA,-15.8032581,-47.8854767,-2.679419004787972,-55.238402842671306,cep,nominatim_cep,aproximado_por_cep,1666.646564617997,True
6440630,150680,Santarém,PA,-15.8032581,-47.8854767,-2.679419004787972,-55.238402842671306,cep,nominatim_cep,aproximado_por_cep,1666.646564617997,True
2562553,230370,Caucaia,CE,-15.8032581,-47.8854767,-3.7835720572856375,-38.8096705773582,cep,nominatim_cep,aproximado_por_cep,1664.7148071151128,True
2562618,230370,Caucaia,CE,-15.8032581,-47.8854767,-3.7835720572856375,-38.8096705773582,cep,nominatim_cep,aproximado_por_cep,1664.7148071151128,True
2561727,230370,Caucaia,CE,-15.8032581,-47.8854767,-3.7835720572856375,-38.8096705773582,cep,nominatim_cep,aproximado_por_cep,1664.7148071151128,True
2562065,230370,Caucaia,CE,-15.8032581,-47.8854767,-3.7835720572856375,-38.8096705773582,cep,nominatim_cep,aproximado_por_cep,1664.7148071151128,True
5075955,251160,Pilões,PB,-15.8032581,-47.8854767,-6.88319242521137,-35.60840694974044,cep,nominatim_cep,aproximado_por_cep,1664.6333228282194,True
2373009,230110,Aracati,CE,-15.8032581,-47.8854767,-4.681112187384478,-37.68546010994449,cep,nominatim_cep,aproximado_por_cep,1664.5728431752543,True
2372940,230110,Aracati,CE,-15.8032581,-47.8854767,-4.681112187384478,-37.68546010994449,cep,nominatim_cep,aproximado_por_cep,1664.5728431752543,True
2724308,230625,Itaitinga,CE,-15.8032581,-47.8854767,-3.998021798335177,-38.549969073911825,cep,nominatim_cep,aproximado_por_cep,1662.7498988530763,True
2481855,230625,Itaitinga,CE,-15.8032581,-47.8854767,-3.998021798335177,-38.549969073911825,cep,nominatim_cep,aproximado_por_cep,1662.7498988530763,True
3492699,230625,Itaitinga,CE,-15.8032581,-47.8854767,-3.998021798335177,-38.549969073911825,cep,nominatim_cep,aproximado_por_cep,1662.7498988530763,True
6443370,260680,Igarassu,PE,-15.8032581,-47.8854767,-7.817517074643976,-34.96031563789407,cep,nominatim_cep,aproximado_por_cep,1662.39723355576,True
2344904,260960,Olinda,PE,-15.8032581,-47.8854767,-7.993099511494914,-34.86636372282303,cep,nominatim_cep,aproximado_por_cep,1660.4049321266943,True
2344882,260960,Olinda,PE,-15.8032581,-47.8854767,-7.993099511494914,-34.86636372282303,cep,nominatim_cep,aproximado_por_cep,1660.4049321266943,True
2344874,260960,Olinda,PE,-15.8032581,-47.8854767,-7.993099511494914,-34.86636372282303,cep,nominatim_cep,aproximado_por_cep,1660.4049321266943,True
2344645,260960,Olinda,PE,-15.8032581,-47.8854767,-7.993099511494914,-34.86636372282303,cep,nominatim_cep,aproximado_por_cep,1660.4049321266943,True
2345331,260960,Olinda,PE,-15.8032581,-47.8854767,-7.993099511494914,-34.86636372282303,cep,nominatim_cep,aproximado_por_cep,1660.4049321266943,True
2664054,260960,Olinda,PE,-15.8032581,-47.8854767,-7.993099511494914,-34.86636372282303,cep,nominatim_cep,aproximado_por_cep,1660.4049321266943,True
3872181,260960,Olinda,PE,-15.8032581,-47.8854767,-7.993099511494914,-34.86636372282303,cep,nominatim_cep,aproximado_por_cep,1660.4049321266943,True
2561433,230523,Horizonte,CE,-15.8032581,-47.8854767,-4.102183804432703,-38.46500400637853,cep,nominatim_cep,aproximado_por_cep,1659.2887085133552,True
2224909,430190,Barra do Ribeiro,RS,-15.8032581,-47.8854767,-30.37386563031056,-51.35763273132345,cep,nominatim_cep,aproximado_por_cep,1658.329102609063,True
2224720,430190,Barra do Ribeiro,RS,-15.8032581,-47.8854767,-30.37386563031056,-51.35763273132345,cep,nominatim_cep,aproximado_por_cep,1658.329102609063,True
2713985,260005,Abreu e Lima,PE,-15.8032581,-47.8854767,-7.8796863868020735,-35.01912451743643,cep,nominatim_cep,aproximado_por_cep,1653.1829090611764,True
2713551,260005,Abreu e Lima,PE,-15.8032581,-47.8854767,-7.8796863868020735,-35.01912451743643,cep,nominatim_cep,aproximado_por_cep,1653.1829090611764,True
2713543,260005,Abreu e Lima,PE,-15.8032581,-47.8854767,-7.8796863868020735,-35.01912451743643,cep,nominatim_cep,aproximado_por_cep,1653.1829090611764,True
5390044,260005,Abreu e Lima,PE,-15.8032581,-47.8854767,-7.8796863868020735,-35.01912451743643,cep,nominatim_cep,aproximado_por_cep,1653.1829090611764,True
2134160,310340,Araçuaí,MG,-29.1536887,-51.1933753,-16.930702248219053,-41.993131215458824,cep,nominatim_cep,aproximado_por_cep,1651.6630147422484,True
2752743,261160,Recife,PE,-15.8032581,-47.8854767,-8.039342723273569,-34.93309263182828,cep,nominatim_cep,aproximado_por_cep,1651.443949061738,True
9933034,261160,Recife,PE,-15.8032581,-47.8854767,-8.039342723273569,-34.93309263182828,cep,nominatim_cep,aproximado_por_cep,1651.443949061738,True
6906710,261160,Recife,PE,-15.8032581,-47.8854767,-8.039342723273569,-34.93309263182828,cep,nominatim_cep,aproximado_por_cep,1651.443949061738,True
0000434,261160,Recife,PE,-15.8032581,-47.8854767,-8.039342723273569,-34.93309263182828,cep,nominatim_cep,aproximado_por_cep,1651.443949061738,True
0000426,261160,Recife,PE,-15.8032581,-47.8854767,-8.039342723273569,-34.93309263182828,cep,nominatim_cep,aproximado_por_cep,1651.443949061738,True
6908268,261160,Recife,PE,-15.8032581,-47.8854767,-8.039342723273569,-34.93309263182828,cep,nominatim_cep,aproximado_por_cep,1651.443949061738,True
7352026,261160,Recife,PE,-15.8032581,-47.8854767,-8.039342723273569,-34.93309263182828,cep,nominatim_cep,aproximado_por_cep,1651.443949061738,True
9109897,261160,Recife,PE,-15.8032581,-47.8854767,-8.039342723273569,-34.93309263182828,cep,nominatim_cep,aproximado_por_cep,1651.443949061738,True
2474794,240280,Coronel Ezequiel,RN,-15.8032581,-47.8854767,-6.357201326326506,-36.195898680339006,cep,nominatim_cep,aproximado_por_cep,1651.0761295992313,True
3987183,230640,Itapipoca,CE,-15.8032581,-47.8854767,-3.394570509576733,-39.5982325283236,cep,nominatim_cep,aproximado_por_cep,1651.0004822505991,True
2502011,240800,Mossoró,RN,-15.8032581,-47.8854767,-5.1758277738423395,-37.32553520290087,cep,nominatim_cep,aproximado_por_cep,1650.8124998682476,True
5584523,240800,Mossoró,RN,-15.8032581,-47.8854767,-5.1758277738423395,-37.32553520290087,cep,nominatim_cep,aproximado_por_cep,1650.8124998682476,True
2503654,240800,Mossoró,RN,-15.8032581,-47.8854767,-5.1758277738423395,-37.32553520290087,cep,nominatim_cep,aproximado_por_cep,1650.8124998682476,True
2371707,240800,Mossoró,RN,-15.8032581,-47.8854767,-5.1758277738423395,-37.32553520290087,cep,nominatim_cep,aproximado_por_cep,1650.8124998682476,True
2503778,240800,Mossoró,RN,-15.8032581,-47.8854767,-5.1758277738423395,-37.32553520290087,cep,nominatim_cep,aproximado_por_cep,1650.8124998682476,True
2503689,240800,Mossoró,RN,-15.8032581,-47.8854767,-5.1758277738423395,-37.32553520290087,cep,nominatim_cep,aproximado_por_cep,1650.8124998682476,True
2501961,240800,Mossoró,RN,-15.8032581,-47.8854767,-5.1758277738423395,-37.32553520290087,cep,nominatim_cep,aproximado_por_cep,1650.8124998682476,True
2503506,240800,Mossoró,RN,-15.8032581,-47.8854767,-5.1758277738423395,-37.32553520290087,cep,nominatim_cep,aproximado_por_cep,1650.8124998682476,True
2346230,260345,Camaragibe,PE,-15.8032581,-47.8854767,-7.98677629565074,-34.995813897712814,cep,nominatim_cep,aproximado_por_cep,1648.8132559985252,True
2346265,260345,Camaragibe,PE,-15.8032581,-47.8854767,-7.98677629565074,-34.995813897712814,cep,nominatim_cep,aproximado_por_cep,1648.8132559985252,True
3708357,240650,Lagoa Nova,RN,-15.8032581,-47.8854767,-6.092457364801154,-36.519098558420836,cep,nominatim_cep,aproximado_por_cep,1643.6084162429079,True
2608901,251310,Salgado de São Félix,PB,-15.8032581,-47.8854767,-7.414721670613427,-35.463589549587724,cep,nominatim_cep,aproximado_por_cep,1642.1517036419953,True
6672906,431740,Santiago,RS,-15.8032581,-47.8854767,-29.127076570000256,-54.79638936907319,cep,nominatim_cep,aproximado_por_cep,1641.8674955195377,True
2243040,431740,Santiago,RS,-15.8032581,-47.8854767,-29.127076570000256,-54.79638936907319,cep,nominatim_cep,aproximado_por_cep,1641.8674955195377,True
2225956,430930,Guaíba,RS,-15.8032581,-47.8854767,-30.17726511915544,-51.43367986368088,cep,nominatim_cep,aproximado_por_cep,1638.7369192430197,True
2225999,430930,Guaíba,RS,-15.8032581,-47.8854767,-30.17726511915544,-51.43367986368088,cep,nominatim_cep,aproximado_por_cep,1638.7369192430197,True
7345259,260790,Jaboatão dos Guararapes,PE,-15.8032581,-47.8854767,-8.152161581061412,-35.00334738504481,cep,nominatim_cep,aproximado_por_cep,1638.1698166243443,True
2349698,260790,Jaboatão dos Guararapes,PE,-15.8032581,-47.8854767,-8.152161581061412,-35.00334738504481,cep,nominatim_cep,aproximado_por_cep,1638.1698166243443,True
2712547,261370,São Lourenço da Mata,PE,-15.8032581,-47.8854767,-8.023090580921691,-35.10385950245883,cep,nominatim_cep,aproximado_por_cep,1636.6385437280721,True
2635925,261370,São Lourenço da Mata,PE,-15.8032581,-47.8854767,-8.023090580921691,-35.10385950245883,cep,nominatim_cep,aproximado_por_cep,1636.6385437280721,True
2314584,150220,Capanema,PA,-15.8032581,-47.8854767,-1.1420732134972618,-47.11790095213621,cep,nominatim_cep,aproximado_por_cep,1632.4209243664034,True
2314738,150220,Capanema,PA,-15.8032581,-47.8854767,-1.1420732134972618,-47.11790095213621,cep,nominatim_cep,aproximado_por_cep,1632.4209243664034,True
6500552,150220,Capanema,PA,-15.8032581,-47.8854767,-1.1420732134972618,-47.11790095213621,cep,nominatim_cep,aproximado_por_cep,1632.4209243664034,True
6947077,150220,Capanema,PA,-15.8032581,-47.8854767,-1.1420732134972618,-47.11790095213621,cep,nominatim_cep,aproximado_por_cep,1632.4209243664034,True
